id,first_name,last_name,email,gender,time,amount
1,Jean,Vaney,jvaney0@histats.com,Male,1667051648000,$821.21
2,Candi,Rouby,crouby1@unicef.org,Bigender,1666942517000,$541.95
3,Phillipe,Meharg,pmeharg2@godaddy.com,Male,1667023242000,$384.09
4,Lexi,Tondeur,ltondeur3@deviantart.com,Female,1667057264000,$37.53
5,Bibi,Coston,bcoston4@businesswire.com,Female,1667058176000,$207.30
6,Boycie,McLurg,bmclurg5@wikispaces.com,Male,1666943291000,$973.31
7,Ashby,Pepperill,apepperill6@foxnews.com,Male,1667023340000,$705.49
8,Georgy,Antoons,gantoons7@google.ca,Male,1667219529000,$980.26
9,Osborne,Rooney,orooney8@yahoo.com,Male,1667166612000,$106.96
10,Dominga,O'Malley,domalley9@scribd.com,Female,1667027292000,$675.48
11,Mart,D'Alessandro,mdalessandroa@wufoo.com,Male,1667026482000,$724.74
12,Lola,Sunner,lsunnerb@wikia.com,Female,1667083692000,$938.66
13,Lonny,Josham,ljoshamc@mail.ru,Male,1667230087000,$84.64
14,Olimpia,Addess,oaddessd@senate.gov,Female,1667002456000,$323.59
15,Hashim,Dossit,hdossite@sfgate.com,Male,1667164789000,$966.02
16,Jammal,Donavan,jdonavanf@yellowbook.com,Male,1667192387000,$628.06
17,Trula,Haselden,thaseldeng@blinklist.com,Female,1667104005000,$494.76
18,Mattias,Culy,mculyh@google.com.au,Male,1667136382000,$597.70
19,Nickey,Janczewski,njanczewskii@mapy.cz,Male,1667251021000,$422.29
20,Hildagard,Seden,hsedenj@woothemes.com,Female,1667181935000,$318.22
21,Skipp,MacCaughen,smaccaughenk@go.com,Male,1667220144000,$542.26
22,Cirstoforo,Krout,ckroutl@chronoengine.com,Male,1667116820000,$369.02
23,May,Clever,mcleverm@ibm.com,Female,1667253912000,$603.13
24,Larissa,Sussex,lsussexn@blinklist.com,Female,1667213294000,$523.97
25,Tierney,Draper,tdrapero@seesaa.net,Female,1666986295000,$652.02
26,Blanch,Litton,blittonp@answers.com,Non-binary,1667131946000,$993.42
27,Alfonse,Goodin,agoodinq@fda.gov,Male,1667205957000,$47.43
28,Aldric,Deer,adeerr@weibo.com,Genderfluid,1667229119000,$768.04
29,Will,Raubenheimer,wraubenheimers@pen.io,Male,1667218237000,$317.99
30,Dar,Bathersby,dbathersbyt@w3.org,Male,1667105680000,$986.07
31,Wood,Keen,wkeenu@sakura.ne.jp,Male,1666921444000,$601.38
32,Asa,Abbs,aabbsv@arstechnica.com,Male,1667192420000,$974.65
33,Jarret,Barendtsen,jbarendtsenw@webmd.com,Male,1667053938000,$491.18
34,Deny,Folkerts,dfolkertsx@goo.gl,Female,1667144435000,$55.32
35,Yetty,Haldenby,yhaldenbyy@ca.gov,Female,1667026830000,$397.93
36,Towny,Windley,twindleyz@ebay.com,Non-binary,1666994954000,$335.34
37,Rozele,Sainteau,rsainteau10@europa.eu,Female,1667260122000,$130.72
38,Danica,Davers,ddavers11@elegantthemes.com,Female,1667228015000,$371.30
39,Clive,Till,ctill12@nbcnews.com,Male,1667183224000,$868.03
40,Marsh,O'Dee,modee13@behance.net,Male,1667220655000,$989.99
41,Reider,Durrans,rdurrans14@tripod.com,Male,1666964004000,$957.53
42,Homer,Chatt,hchatt15@pagesperso-orange.fr,Male,1667221594000,$612.38
43,Bryanty,Passo,bpasso16@icio.us,Male,1667095156000,$667.18
44,Gretta,Adrienne,gadrienne17@dot.gov,Female,1667010351000,$660.21
45,Brinn,Gladdifh,bgladdifh18@bbc.co.uk,Female,1667006241000,$66.61
46,Mil,Murney,mmurney19@wiley.com,Female,1666998456000,$465.79
47,Franklyn,Suche,fsuche1a@trellian.com,Male,1667058620000,$197.51
48,Marthena,Botha,mbotha1b@twitpic.com,Female,1667208246000,$548.45
49,Phil,Frigot,pfrigot1c@quantcast.com,Male,1667099373000,$179.01
50,Elana,Sarfas,esarfas1d@xrea.com,Female,1667253550000,$878.98
51,Nerti,Howden,nhowden1e@shinystat.com,Female,1667019572000,$397.80
52,Gregoor,Domek,gdomek1f@123-reg.co.uk,Male,1667044862000,$40.20
53,Gabriellia,Purle,gpurle1g@engadget.com,Female,1666922667000,$892.83
54,Adey,Rowntree,arowntree1h@infoseek.co.jp,Agender,1667102409000,$276.54
55,Odey,Abbotts,oabbotts1i@youtube.com,Male,1667240863000,$843.21
56,Concordia,Hazelby,chazelby1j@go.com,Female,1667233677000,$838.75
57,Stevy,Sharnock,ssharnock1k@shutterfly.com,Male,1667007956000,$342.15
58,Margarita,De Leek,mdeleek1l@timesonline.co.uk,Female,1667179332000,$273.69
59,Davine,Jentet,djentet1m@addthis.com,Female,1667225697000,$982.08
60,Rica,Heisman,rheisman1n@webs.com,Female,1666938529000,$434.82
61,Torrence,Cattlemull,tcattlemull1o@themeforest.net,Male,1666929151000,$551.43
62,Kelby,Knoble,kknoble1p@latimes.com,Male,1666968492000,$516.25
63,Rudie,Websdale,rwebsdale1q@bloglovin.com,Male,1667170456000,$146.16
64,Hervey,Alcock,halcock1r@cmu.edu,Male,1667051040000,$353.01
65,Godfry,Torrance,gtorrance1s@tuttocitta.it,Polygender,1667191833000,$440.29
66,Mendel,Broske,mbroske1t@hubpages.com,Male,1666929809000,$815.08
67,Judd,Kilroy,jkilroy1u@prlog.org,Male,1666929978000,$953.44
68,Jamie,Grishkov,jgrishkov1v@dailymotion.com,Male,1666991521000,$436.83
69,Brett,Sutch,bsutch1w@msu.edu,Male,1667023110000,$773.50
70,Nefen,Wyche,nwyche1x@a8.net,Male,1667153977000,$931.45
71,Dasi,Wiper,dwiper1y@surveymonkey.com,Female,1667184476000,$650.45
72,Willetta,Poxon,wpoxon1z@artisteer.com,Female,1667232619000,$636.36
73,Albertina,Culter,aculter20@behance.net,Female,1666997801000,$743.54
74,Abigale,Crofthwaite,acrofthwaite21@businesswire.com,Female,1667129934000,$373.71
75,Heddie,Scholtz,hscholtz22@nbcnews.com,Female,1666955936000,$877.48
76,Darice,Strewther,dstrewther23@nih.gov,Female,1667230676000,$382.08
77,Matthew,Croad,mcroad24@loc.gov,Male,1667217492000,$696.78
78,Shea,Steuart,ssteuart25@cafepress.com,Male,1667043005000,$219.00
79,Ibrahim,Pavluk,ipavluk26@utexas.edu,Male,1667056395000,$591.12
80,Holly-anne,Berkery,hberkery27@prlog.org,Female,1667163112000,$709.12
81,Delphine,Sprowson,dsprowson28@un.org,Female,1667038443000,$991.85
82,Domenico,Glidden,dglidden29@last.fm,Male,1667160651000,$900.59
83,Dougy,Jaan,djaan2a@loc.gov,Male,1667115333000,$87.68
84,Gypsy,De Mitris,gdemitris2b@si.edu,Female,1666954566000,$748.98
85,Gelya,Rodden,grodden2c@technorati.com,Female,1667246189000,$798.51
86,Lurlene,Juggins,ljuggins2d@patch.com,Female,1667140439000,$1.29
87,Mauricio,Spurrior,mspurrior2e@usatoday.com,Male,1667132036000,$907.80
88,Hale,Bather,hbather2f@bigcartel.com,Male,1666959967000,$243.31
89,Brendin,MacDonell,bmacdonell2g@miitbeian.gov.cn,Male,1667180355000,$336.05
90,Evangeline,Kuzemka,ekuzemka2h@economist.com,Female,1667075287000,$126.38
91,Mariana,Steagall,msteagall2i@woothemes.com,Female,1666934869000,$690.44
92,Manfred,Boulstridge,mboulstridge2j@skyrock.com,Male,1666923127000,$541.98
93,Hamlen,MacKereth,hmackereth2k@harvard.edu,Male,1666921397000,$115.98
94,Seumas,Trimmell,strimmell2l@google.cn,Male,1667135517000,$951.29
95,Veriee,Beevens,vbeevens2m@fc2.com,Female,1667209565000,$976.89
96,Sayre,Kintish,skintish2n@google.com.hk,Non-binary,1666970375000,$946.98
97,Sherye,Inderwick,sinderwick2o@senate.gov,Female,1667023548000,$980.22
98,Reeba,Ridd,rridd2p@irs.gov,Genderfluid,1666968746000,$519.08
99,Cindy,Lindeboom,clindeboom2q@walmart.com,Polygender,1667008895000,$284.03
100,Quinton,Apfelmann,qapfelmann2r@slashdot.org,Male,1667034280000,$171.89
101,Abbe,Woodyear,awoodyear2s@51.la,Female,1667097063000,$365.37
102,Florance,Kedslie,fkedslie2t@un.org,Female,1666940053000,$894.84
103,Coleman,Predohl,cpredohl2u@state.gov,Male,1667128547000,$170.75
104,Andie,Olenikov,aolenikov2v@acquirethisname.com,Male,1667236874000,$805.52
105,Brandise,Cornelissen,bcornelissen2w@google.ca,Female,1667074251000,$234.17
106,Christean,Simmens,csimmens2x@hubpages.com,Female,1667096752000,$969.17
107,Chicky,Copin,ccopin2y@blogtalkradio.com,Female,1666992581000,$160.18
108,Townie,Start,tstart2z@issuu.com,Male,1666937961000,$320.99
109,Lou,Biesinger,lbiesinger30@sciencedaily.com,Male,1667087739000,$161.46
110,Modesta,Vandenhoff,mvandenhoff31@meetup.com,Female,1667031471000,$114.23
111,Adelbert,Blues,ablues32@about.me,Male,1667108060000,$332.97
112,Steffane,Spratling,sspratling33@google.ru,Female,1667062489000,$525.73
113,Saw,Nicholl,snicholl34@netvibes.com,Male,1667078079000,$754.62
114,Klarrisa,Hooban,khooban35@hp.com,Female,1667038751000,$913.26
115,Aurthur,Fairbank,afairbank36@topsy.com,Male,1667017469000,$294.12
116,Any,Shenley,ashenley37@dmoz.org,Male,1667205249000,$239.72
117,Aarika,O'Moylan,aomoylan38@sitemeter.com,Female,1667128960000,$781.33
118,Murdock,Sarll,msarll39@indiatimes.com,Male,1667143048000,$569.69
119,Claudell,Hearl,chearl3a@about.com,Male,1667033574000,$584.30
120,Jim,Copeland,jcopeland3b@newsvine.com,Male,1666927502000,$813.61
121,Lennie,Quernel,lquernel3c@miibeian.gov.cn,Male,1667241587000,$35.02
122,Daisey,Reford,dreford3d@blogtalkradio.com,Female,1667112537000,$44.84
123,Hyacinthe,Burchatt,hburchatt3e@blog.com,Female,1667257713000,$862.46
124,Delmar,Galley,dgalley3f@theguardian.com,Male,1666994570000,$510.62
125,Brice,Bugby,bbugby3g@wired.com,Male,1667080463000,$212.85
126,Palmer,Itchingham,pitchingham3h@mediafire.com,Male,1667014263000,$976.90
127,Kristoforo,Peerman,kpeerman3i@adobe.com,Male,1667005627000,$132.41
128,Hamel,Manssuer,hmanssuer3j@comcast.net,Male,1667166717000,$958.46
129,Eziechiele,Lamasna,elamasna3k@behance.net,Male,1667037560000,$11.48
130,Philip,Cardenosa,pcardenosa3l@devhub.com,Male,1667106658000,$380.99
131,Corine,McCard,cmccard3m@state.gov,Female,1667159084000,$510.81
132,Norma,Terrey,nterrey3n@ehow.com,Female,1667192734000,$505.06
133,Mellisa,Pickhaver,mpickhaver3o@ehow.com,Female,1667132257000,$488.74
134,Carmine,Danser,cdanser3p@reddit.com,Male,1667215786000,$338.07
135,Vaughan,Seemmonds,vseemmonds3q@wikia.com,Male,1666983966000,$536.17
136,Wheeler,Ketchaside,wketchaside3r@bbc.co.uk,Male,1667043432000,$9.81
137,Dorelia,Ferens,dferens3s@merriam-webster.com,Female,1667140810000,$2.45
138,Tabbie,Marunchak,tmarunchak3t@merriam-webster.com,Female,1667011248000,$445.19
139,Genia,Atwool,gatwool3u@123-reg.co.uk,Female,1666954759000,$880.51
140,Brewer,Minors,bminors3v@squidoo.com,Male,1667187405000,$66.84
141,Rayshell,Flaubert,rflaubert3w@parallels.com,Female,1667168746000,$523.99
142,Nester,O'Cannon,nocannon3x@alibaba.com,Male,1667212500000,$292.31
143,Jeanie,Seakin,jseakin3y@addtoany.com,Genderfluid,1667206673000,$921.88
144,Giustina,Boxall,gboxall3z@cdc.gov,Female,1667039681000,$911.15
145,Codie,Dowd,cdowd40@barnesandnoble.com,Genderqueer,1667227222000,$385.35
146,Pearle,Ambroise,pambroise41@xing.com,Female,1666978690000,$437.40
147,Cariotta,Parr,cparr42@php.net,Female,1667140937000,$889.30
148,Brien,Housecroft,bhousecroft43@ibm.com,Male,1667171323000,$871.00
149,Hayes,Cobbledick,hcobbledick44@google.com.au,Male,1666939143000,$122.60
150,Flori,Tarver,ftarver45@senate.gov,Genderfluid,1667185362000,$194.25
151,Marcellus,Breydin,mbreydin46@ycombinator.com,Male,1666950868000,$850.36
152,Hershel,Sivier,hsivier47@mtv.com,Male,1667034261000,$309.74
153,Syman,Leverett,sleverett48@addthis.com,Male,1667126003000,$470.11
154,Godart,Empringham,gempringham49@oakley.com,Male,1667063922000,$900.43
155,Trevor,Dowsett,tdowsett4a@slate.com,Non-binary,1667025374000,$734.48
156,Elwyn,Adamini,eadamini4b@ebay.co.uk,Male,1667254058000,$996.09
157,Hailee,Andress,handress4c@usda.gov,Female,1667131698000,$392.86
158,Shalne,Baffin,sbaffin4d@nhs.uk,Female,1667211088000,$731.25
159,Brice,Rubinov,brubinov4e@omniture.com,Male,1667023140000,$96.34
160,Clerkclaude,Porrett,cporrett4f@hugedomains.com,Non-binary,1667173386000,$352.35
161,Brad,Whittam,bwhittam4g@upenn.edu,Male,1667128195000,$593.91
162,Donnell,Godain,dgodain4h@stanford.edu,Male,1667258573000,$995.84
163,Lucia,Husk,lhusk4i@about.com,Female,1667219843000,$523.57
164,Katherine,Gruszecki,kgruszecki4j@tiny.cc,Female,1667207038000,$718.08
165,Sib,Renehan,srenehan4k@wiley.com,Female,1667004231000,$980.61
166,Wright,Lorentzen,wlorentzen4l@bigcartel.com,Male,1667170329000,$893.05
167,Em,Spratling,espratling4m@digg.com,Male,1667230607000,$225.61
168,Barbie,Tyler,btyler4n@businessinsider.com,Female,1667076370000,$701.77
169,Gayla,Hamson,ghamson4o@drupal.org,Female,1667116316000,$768.75
170,Freddy,Ioannou,fioannou4p@plala.or.jp,Female,1667250855000,$189.07
171,Tilda,Belfrage,tbelfrage4q@dedecms.com,Female,1667119990000,$589.23
172,Rudd,Pfleger,rpfleger4r@liveinternet.ru,Male,1667037031000,$456.25
173,Rayshell,Gonzalez,rgonzalez4s@youku.com,Female,1666955340000,$507.93
174,Marianna,Torn,mtorn4t@cdbaby.com,Female,1667018775000,$493.46
175,Cyril,Sharkey,csharkey4u@techcrunch.com,Male,1667012968000,$554.47
176,Jenny,Mottram,jmottram4v@naver.com,Female,1667024003000,$868.26
177,Cacilie,Kimblen,ckimblen4w@histats.com,Female,1667191682000,$306.43
178,Burt,Nolleau,bnolleau4x@devhub.com,Male,1667085953000,$727.56
179,Melania,Breese,mbreese4y@about.me,Female,1667022537000,$335.88
180,Lucila,Bene,lbene4z@eventbrite.com,Female,1666989190000,$479.13
181,Olenolin,Florio,oflorio50@flavors.me,Male,1667166924000,$534.68
182,Riordan,Causby,rcausby51@nsw.gov.au,Male,1666962700000,$84.79
183,Kirstin,Danels,kdanels52@amazon.co.uk,Female,1667034386000,$257.96
184,Leroy,Anniwell,lanniwell53@prnewswire.com,Male,1667060136000,$228.95
185,Hattie,Kinlock,hkinlock54@craigslist.org,Female,1667163706000,$916.30
186,Hodge,Yitzhakov,hyitzhakov55@icq.com,Male,1667238354000,$701.75
187,Cayla,Carriage,ccarriage56@unesco.org,Female,1667166428000,$905.86
188,Douglass,Alleyn,dalleyn57@weibo.com,Male,1667125380000,$400.46
189,Alfonse,Bretherton,abretherton58@loc.gov,Male,1667068004000,$397.89
190,Brady,Mendonca,bmendonca59@ocn.ne.jp,Male,1667146719000,$936.32
191,Sawyer,Letrange,sletrange5a@elpais.com,Male,1667248148000,$722.38
192,Katrina,Hebson,khebson5b@blogtalkradio.com,Genderfluid,1667136729000,$287.17
193,Alexander,Scarce,ascarce5c@tuttocitta.it,Male,1667214720000,$184.62
194,Nora,Alexandrou,nalexandrou5d@webeden.co.uk,Female,1667010473000,$922.95
195,Ashely,Confait,aconfait5e@twitter.com,Female,1667070285000,$956.39
196,Chester,Bown,cbown5f@mac.com,Male,1667242889000,$459.52
197,Davine,Bourthoumieux,dbourthoumieux5g@wired.com,Female,1667130361000,$899.80
198,Kriste,Zimmermeister,kzimmermeister5h@i2i.jp,Female,1667202485000,$106.04
199,Omero,Stoakes,ostoakes5i@bloomberg.com,Male,1667212020000,$713.18
200,Jo-anne,Royste,jroyste5j@networksolutions.com,Female,1667146164000,$612.70
201,Oriana,Farnon,ofarnon5k@icio.us,Female,1667051120000,$211.25
202,Prentice,Girardet,pgirardet5l@deviantart.com,Male,1667145422000,$194.64
203,Jesus,Hemphrey,jhemphrey5m@forbes.com,Male,1667082101000,$858.10
204,Julienne,MacCorkell,jmaccorkell5n@salon.com,Female,1667061372000,$271.15
205,Rachele,Salter,rsalter5o@engadget.com,Female,1666915832000,$859.49
206,Dav,Fewster,dfewster5p@nbcnews.com,Male,1667234146000,$472.18
207,Flor,Fishbourne,ffishbourne5q@deviantart.com,Female,1667214826000,$728.31
208,Ike,D'Andrea,idandrea5r@yandex.ru,Male,1667122577000,$190.09
209,Levy,Gaskill,lgaskill5s@nba.com,Male,1667094211000,$373.57
210,Court,Syrett,csyrett5t@gov.uk,Male,1667148884000,$658.00
211,Wilmette,Tolomio,wtolomio5u@bing.com,Female,1667214189000,$126.19
212,Belvia,Megarry,bmegarry5v@godaddy.com,Female,1667085469000,$720.68
213,Saxon,McGillreich,smcgillreich5w@reverbnation.com,Male,1667054229000,$929.56
214,Zsa zsa,Gawne,zgawne5x@abc.net.au,Female,1666981209000,$683.48
215,Bartolomeo,Gentsch,bgentsch5y@globo.com,Male,1667166808000,$201.31
216,Lise,Gorton,lgorton5z@geocities.com,Female,1666988097000,$952.06
217,Meggy,Cranney,mcranney60@oracle.com,Female,1667133625000,$680.48
218,Michel,Ulrik,mulrik61@trellian.com,Female,1667035405000,$127.40
219,Tally,Penbarthy,tpenbarthy62@imdb.com,Male,1667193710000,$951.30
220,Reade,Kyne,rkyne63@indiatimes.com,Male,1666923373000,$355.18
221,Vonny,Lisciandro,vlisciandro64@live.com,Female,1667054138000,$163.76
222,Mufinella,Penwell,mpenwell65@accuweather.com,Female,1667199275000,$786.45
223,Tobiah,Caudelier,tcaudelier66@usnews.com,Male,1667167370000,$767.92
224,Keri,Papez,kpapez67@blogger.com,Female,1667163585000,$59.58
225,Inez,Ayers,iayers68@comcast.net,Female,1667001798000,$620.44
226,Loy,Clemenza,lclemenza69@cbc.ca,Male,1666923445000,$979.12
227,Maudie,McIlwain,mmcilwain6a@goo.gl,Female,1667071642000,$398.64
228,Mildrid,Quartermain,mquartermain6b@berkeley.edu,Female,1667104299000,$11.84
229,Robb,Fallanche,rfallanche6c@dmoz.org,Male,1667258064000,$598.61
230,Chucho,Striker,cstriker6d@csmonitor.com,Non-binary,1667041747000,$248.64
231,Nancey,Ife,nife6e@123-reg.co.uk,Agender,1666936852000,$180.23
232,Thorin,Quilliam,tquilliam6f@examiner.com,Agender,1667102420000,$798.81
233,Cesar,Baldwin,cbaldwin6g@fema.gov,Male,1667053809000,$148.28
234,Had,Snawdon,hsnawdon6h@state.tx.us,Male,1666997453000,$455.57
235,Janice,Longfoot,jlongfoot6i@baidu.com,Female,1666951346000,$316.91
236,Sid,Kubczak,skubczak6j@geocities.com,Male,1667008062000,$706.33
237,Vasilis,Farrin,vfarrin6k@nyu.edu,Male,1667171111000,$573.75
238,Tim,Uppett,tuppett6l@npr.org,Male,1666955780000,$129.76
239,Shanta,Bonner,sbonner6m@umich.edu,Female,1667256906000,$103.30
240,Neddie,Virgoe,nvirgoe6n@alibaba.com,Male,1666984654000,$623.87
241,Ashli,Ferran,aferran6o@desdev.cn,Female,1667091832000,$919.32
242,Sayer,Bedham,sbedham6p@samsung.com,Male,1667133179000,$783.85
243,Benjamin,Tailour,btailour6q@hc360.com,Male,1666985482000,$772.15
244,Carmina,Findlater,cfindlater6r@yellowpages.com,Female,1666943883000,$937.41
245,Jeremias,Danilewicz,jdanilewicz6s@cornell.edu,Male,1667035381000,$377.06
246,Oliviero,Sextone,osextone6t@flavors.me,Male,1666954646000,$857.95
247,Kayle,Sherlaw,ksherlaw6u@sohu.com,Female,1667111862000,$54.76
248,Melisenda,Eseler,meseler6v@state.gov,Female,1667217916000,$572.62
249,Nessi,Skivington,nskivington6w@sciencedaily.com,Female,1666915924000,$515.46
250,Horten,Le Barr,hlebarr6x@bizjournals.com,Male,1666962466000,$728.77
251,Ashia,Duester,aduester6y@elegantthemes.com,Female,1667041379000,$713.65
252,Debra,MacGinlay,dmacginlay6z@about.me,Female,1667001910000,$245.15
253,Merrili,Causer,mcauser70@networksolutions.com,Female,1667121168000,$202.53
254,Rani,Fenny,rfenny71@purevolume.com,Female,1666924208000,$872.59
255,Ives,Jambrozek,ijambrozek72@ox.ac.uk,Male,1667237738000,$597.72
256,Kassia,Skingley,kskingley73@php.net,Female,1666936483000,$820.26
257,Marisa,Draayer,mdraayer74@quantcast.com,Female,1667166534000,$630.54
258,Evelin,Fretwell,efretwell75@moonfruit.com,Male,1667085730000,$579.12
259,Rene,Troppmann,rtroppmann76@bbc.co.uk,Male,1667122014000,$130.91
260,Oona,Talby,otalby77@bbb.org,Female,1667256581000,$468.48
261,Caryl,Venner,cvenner78@blogspot.com,Male,1667120829000,$553.82
262,Cull,Lease,clease79@blogger.com,Male,1667213699000,$406.46
263,Christiano,Ibbott,cibbott7a@aboutads.info,Male,1667106959000,$927.90
264,Ilse,Sponder,isponder7b@xinhuanet.com,Female,1667062075000,$488.85
265,Arlie,Kohler,akohler7c@bing.com,Female,1667079197000,$934.08
266,Lillian,Benford,lbenford7d@walmart.com,Female,1667252273000,$709.02
267,Dasie,Spilling,dspilling7e@privacy.gov.au,Female,1667217358000,$278.36
268,Tabatha,Minnock,tminnock7f@rediff.com,Female,1667250633000,$505.42
269,Kimble,Faux,kfaux7g@epa.gov,Male,1666923821000,$117.52
270,Evita,Adelman,eadelman7h@chicagotribune.com,Female,1667113804000,$105.26
271,Esther,Filon,efilon7i@flavors.me,Genderqueer,1667044884000,$462.96
272,Darsie,Gayler,dgayler7j@phoca.cz,Female,1666967312000,$845.78
273,Winfield,Malek,wmalek7k@telegraph.co.uk,Male,1666958829000,$668.54
274,Aldus,Mealham,amealham7l@biglobe.ne.jp,Male,1666931317000,$456.33
275,Denys,Pirrie,dpirrie7m@berkeley.edu,Genderqueer,1667043982000,$879.23
276,Edmund,Boxen,eboxen7n@vk.com,Male,1666945862000,$303.91
277,Ileana,Drover,idrover7o@who.int,Female,1667177774000,$710.87
278,Dex,Goodday,dgoodday7p@nasa.gov,Male,1667198822000,$805.25
279,Alis,Runnett,arunnett7q@slashdot.org,Female,1667058963000,$426.97
280,Tine,Alderton,talderton7r@vinaora.com,Female,1666945514000,$280.34
281,Delainey,Immins,dimmins7s@upenn.edu,Male,1666948179000,$964.93
282,Orin,Mordy,omordy7t@sakura.ne.jp,Polygender,1667073821000,$397.83
283,Garvy,Strachan,gstrachan7u@cafepress.com,Male,1667216375000,$317.98
284,Renault,Bonnett,rbonnett7v@icio.us,Male,1667172547000,$84.33
285,Natalina,Bryett,nbryett7w@woothemes.com,Female,1667046611000,$735.21
286,Levi,Teasdale-Markie,lteasdalemarkie7x@shutterfly.com,Male,1667167586000,$400.03
287,Normie,Lamble,nlamble7y@desdev.cn,Male,1666930561000,$913.59
288,Rasia,O'Scannill,roscannill7z@aol.com,Female,1667186154000,$650.61
289,Forester,Pallister,fpallister80@github.com,Male,1667083893000,$102.05
290,Hodge,Goodlake,hgoodlake81@youku.com,Male,1667184186000,$284.67
291,Viole,Fawlo,vfawlo82@webmd.com,Female,1666994545000,$124.76
292,Tracey,Colloff,tcolloff83@tuttocitta.it,Male,1667094799000,$791.15
293,Goddard,Gytesham,ggytesham84@joomla.org,Male,1667217794000,$249.57
294,Trula,Dumbreck,tdumbreck85@naver.com,Female,1667065344000,$974.67
295,Patty,Nimmo,pnimmo86@illinois.edu,Male,1667198011000,$615.84
296,Derrik,Rennebeck,drennebeck87@nba.com,Male,1667242288000,$840.73
297,Torrence,Trueman,ttrueman88@state.gov,Male,1667253549000,$916.48
298,Viole,Unstead,vunstead89@mashable.com,Female,1667024699000,$357.12
299,Daveta,Yurukhin,dyurukhin8a@com.com,Female,1667129429000,$7.36
300,Alfi,Farrand,afarrand8b@yolasite.com,Female,1667052562000,$65.73
301,Herrick,Halse,hhalse8c@skype.com,Polygender,1666919909000,$336.14
302,Wilbur,Shevelin,wshevelin8d@comcast.net,Male,1667137191000,$165.72
303,Sigrid,Capstake,scapstake8e@craigslist.org,Female,1666940340000,$949.67
304,Budd,Morforth,bmorforth8f@1und1.de,Male,1667150655000,$914.03
305,Harold,Blagburn,hblagburn8g@over-blog.com,Male,1667020784000,$904.18
306,Haywood,Spileman,hspileman8h@lycos.com,Male,1667078886000,$986.57
307,Alina,Savill,asavill8i@lycos.com,Female,1667074843000,$709.90
308,Friedrick,Jagielski,fjagielski8j@joomla.org,Bigender,1667086358000,$679.56
309,Rudolfo,Pulley,rpulley8k@trellian.com,Male,1667077602000,$759.44
310,Dani,Laidlaw,dlaidlaw8l@google.ca,Male,1666960034000,$941.23
311,Caterina,China,cchina8m@virginia.edu,Female,1667099494000,$517.14
312,Noah,Vidgen,nvidgen8n@abc.net.au,Male,1667120184000,$912.56
313,Carlie,Lovelace,clovelace8o@redcross.org,Female,1667218669000,$931.77
314,Onfre,Blondel,oblondel8p@ucoz.ru,Male,1666962431000,$455.78
315,Cecil,Nevin,cnevin8q@mayoclinic.com,Female,1666956501000,$557.54
316,Tobey,McMaster,tmcmaster8r@jigsy.com,Female,1667041902000,$385.17
317,Joy,Hare,jhare8s@senate.gov,Female,1667191117000,$150.51
318,Ellsworth,Tretwell,etretwell8t@noaa.gov,Male,1667069491000,$579.53
319,Wandie,Sharman,wsharman8u@imdb.com,Female,1667243535000,$671.74
320,Barbey,Kreutzer,bkreutzer8v@senate.gov,Female,1666978599000,$690.95
321,Siouxie,Dewen,sdewen8w@tuttocitta.it,Agender,1667156108000,$48.56
322,Carie,Lorek,clorek8x@goo.gl,Female,1666940398000,$472.70
323,Temp,Neeve,tneeve8y@hp.com,Male,1666924358000,$852.95
324,Talyah,Klimov,tklimov8z@webeden.co.uk,Female,1667140684000,$681.29
325,Aaren,Huxley,ahuxley90@jiathis.com,Female,1667063798000,$445.43
326,Lucais,Algate,lalgate91@tripod.com,Male,1667182610000,$895.55
327,Maddalena,Brazier,mbrazier92@wired.com,Female,1667185962000,$438.92
328,Emmalynne,Blakiston,eblakiston93@free.fr,Female,1667213975000,$53.63
329,Boote,Szwarc,bszwarc94@nih.gov,Male,1666979722000,$811.19
330,Quentin,Adran,qadran95@meetup.com,Female,1667216139000,$102.85
331,Langsdon,Beagin,lbeagin96@oracle.com,Non-binary,1667095050000,$912.44
332,Andee,Shoosmith,ashoosmith97@twitpic.com,Female,1667015489000,$566.02
333,Erinn,Gunthorpe,egunthorpe98@vistaprint.com,Female,1666934156000,$887.68
334,Case,Gobel,cgobel99@auda.org.au,Male,1667249589000,$662.07
335,Suzi,Aked,saked9a@msu.edu,Female,1667033285000,$570.46
336,Emmalynn,Castrillo,ecastrillo9b@house.gov,Female,1667050914000,$233.25
337,Costa,Neely,cneely9c@stumbleupon.com,Male,1666960299000,$908.83
338,Nikita,Hovy,nhovy9d@4shared.com,Male,1667049375000,$273.38
339,Galvin,Stiant,gstiant9e@wikimedia.org,Male,1667223700000,$197.85
340,Cassandre,Van Dalen,cvandalen9f@mediafire.com,Female,1667178166000,$292.15
341,Jolynn,Askey,jaskey9g@gravatar.com,Female,1667148296000,$170.50
342,Prescott,Kohrt,pkohrt9h@scientificamerican.com,Male,1667049122000,$453.40
343,Kincaid,Tissier,ktissier9i@list-manage.com,Male,1667110421000,$653.26
344,Gianni,Issac,gissac9j@mozilla.org,Male,1667072987000,$60.05
345,Kynthia,Heater,kheater9k@ft.com,Female,1667191439000,$396.96
346,Hilary,Vasichev,hvasichev9l@pen.io,Male,1667237061000,$269.41
347,Emili,McGeachey,emcgeachey9m@alibaba.com,Female,1667245168000,$367.02
348,Margaret,Scollan,mscollan9n@jiathis.com,Genderqueer,1666934301000,$415.65
349,Terri,O'Reilly,toreilly9o@discovery.com,Male,1666993114000,$571.05
350,Daile,Gwinnett,dgwinnett9p@nationalgeographic.com,Female,1667060663000,$949.74
351,Bren,Fincke,bfincke9q@purevolume.com,Male,1667020576000,$272.32
352,Ferdinand,Ponde,fponde9r@yellowbook.com,Male,1667184250000,$989.32
353,Rufus,Fells,rfells9s@woothemes.com,Male,1667071529000,$278.03
354,Bobine,Gibbin,bgibbin9t@ning.com,Female,1667008623000,$525.69
355,Chickie,Thomson,cthomson9u@statcounter.com,Female,1667163789000,$975.13
356,Quint,Covet,qcovet9v@lulu.com,Male,1667106400000,$177.40
357,Myrle,Hatrey,mhatrey9w@linkedin.com,Female,1666935652000,$441.14
358,Roselia,Burth,rburth9x@delicious.com,Female,1667139190000,$501.99
359,Minor,Thomkins,mthomkins9y@g.co,Male,1666926238000,$494.08
360,Alfredo,Lowrance,alowrance9z@harvard.edu,Male,1667020610000,$980.76
361,Erma,O'Dyvoy,eodyvoya0@qq.com,Female,1667098007000,$956.54
362,Kaylee,Guite,kguitea1@princeton.edu,Female,1667000309000,$303.73
363,Howie,Chippindale,hchippindalea2@tinypic.com,Male,1667161723000,$461.13
364,Bradford,Perrett,bperretta3@sciencedaily.com,Male,1666998285000,$975.52
365,Blake,Blueman,bbluemana4@cdc.gov,Female,1667177715000,$261.72
366,Gray,MacTeggart,gmacteggarta5@bandcamp.com,Male,1667052347000,$447.36
367,Gregoor,Heminsley,gheminsleya6@npr.org,Male,1666982888000,$353.33
368,Danila,McMichan,dmcmichana7@weebly.com,Female,1666979316000,$590.26
369,Coriss,Rawlyns,crawlynsa8@walmart.com,Agender,1667066898000,$662.59
370,Lucina,Isacq,lisacqa9@un.org,Female,1667188839000,$432.73
371,Lilias,Shemilt,lshemiltaa@ox.ac.uk,Female,1667071709000,$325.68
372,Eduard,De Witt,edewittab@google.it,Male,1667024508000,$619.54
373,Laurice,McKillop,lmckillopac@loc.gov,Female,1667111663000,$770.78
374,Alaster,Broadey,abroadeyad@meetup.com,Genderqueer,1666937522000,$928.80
375,Layla,Maun,lmaunae@ocn.ne.jp,Female,1666975220000,$523.85
376,Nerissa,Schwandt,nschwandtaf@trellian.com,Female,1666964332000,$849.34
377,Corby,Roiz,croizag@chronoengine.com,Male,1667257337000,$990.94
378,Valencia,Shimoni,vshimoniah@sun.com,Female,1667218017000,$488.61
379,Algernon,Thresh,athreshai@latimes.com,Male,1666940071000,$469.28
380,Erma,Fadell,efadellaj@dailymail.co.uk,Female,1667057415000,$933.40
381,Blondelle,Aitken,baitkenak@pinterest.com,Female,1667239962000,$895.34
382,Misti,Toor,mtooral@parallels.com,Female,1667253200000,$897.50
383,Elwin,Leedal,eleedalam@51.la,Male,1667090403000,$444.22
384,Dorey,Coddrington,dcoddringtonan@census.gov,Male,1667132166000,$106.21
385,Jedidiah,Stallebrass,jstallebrassao@fda.gov,Male,1667243734000,$579.80
386,Lilian,Southard,lsouthardap@unicef.org,Female,1667054289000,$361.42
387,Dov,Vlasenko,dvlasenkoaq@ameblo.jp,Male,1667090455000,$951.95
388,Ealasaid,Spellacy,espellacyar@blogger.com,Female,1667004097000,$479.64
389,Barbie,Reston,brestonas@gravatar.com,Female,1667234989000,$946.40
390,Xenia,Kunrad,xkunradat@cnbc.com,Female,1667142666000,$140.21
391,Gerry,Oldaker,goldakerau@samsung.com,Non-binary,1667103002000,$528.27
392,Patric,Daish,pdaishav@apache.org,Male,1667143141000,$581.99
393,Paddy,Towell,ptowellaw@last.fm,Male,1667080323000,$588.52
394,Harmonie,Bysaker,hbysakerax@posterous.com,Female,1667193597000,$583.99
395,Broddy,Heinl,bheinlay@desdev.cn,Male,1667184390000,$73.99
396,Lissa,Casiroli,lcasiroliaz@youtube.com,Female,1667126670000,$259.94
397,Hildegaard,Paolini,hpaolinib0@geocities.jp,Female,1667245377000,$408.20
398,Vanya,Vasyutichev,vvasyutichevb1@nps.gov,Female,1666974101000,$92.24
399,Adela,Delgadillo,adelgadillob2@usgs.gov,Female,1667032779000,$461.12
400,Clarey,Linning,clinningb3@freewebs.com,Agender,1667169205000,$546.62
401,Clementine,Creagh,ccreaghb4@typepad.com,Female,1667151290000,$352.39
402,Julius,Devil,jdevilb5@google.de,Male,1667156839000,$127.80
403,Analise,Winchurst,awinchurstb6@springer.com,Female,1666965731000,$787.38
404,Boony,Falck,bfalckb7@webmd.com,Male,1666945186000,$123.49
405,Cletis,Wiltshear,cwiltshearb8@ucoz.ru,Male,1667098834000,$200.91
406,Virgie,Fereday,vferedayb9@cbslocal.com,Male,1666982900000,$949.98
407,Butch,Amos,bamosba@canalblog.com,Male,1667236841000,$782.21
408,Kingston,Finlayson,kfinlaysonbb@illinois.edu,Male,1667228688000,$489.88
409,Bethina,Mawdsley,bmawdsleybc@spiegel.de,Bigender,1667073458000,$494.87
410,Agnella,Scatchar,ascatcharbd@indiegogo.com,Female,1667190331000,$165.01
411,Sophia,Males,smalesbe@nih.gov,Female,1667226101000,$325.34
412,Thor,Costell,tcostellbf@comsenz.com,Male,1666945149000,$330.38
413,Gaile,Jewar,gjewarbg@elpais.com,Male,1667045705000,$211.81
414,Naoma,Oxlade,noxladebh@nba.com,Female,1667120505000,$403.84
415,Torrence,Dripp,tdrippbi@ask.com,Male,1667226300000,$810.84
416,Dugald,Guilford,dguilfordbj@xing.com,Genderqueer,1666948429000,$781.36
417,Claudius,Scoyles,cscoylesbk@nba.com,Non-binary,1666983847000,$187.12
418,Nanon,Ayars,nayarsbl@soundcloud.com,Female,1667108190000,$769.05
419,Brenn,Yukhin,byukhinbm@paginegialle.it,Female,1666951297000,$64.04
420,Gaile,Dengel,gdengelbn@jiathis.com,Male,1667001121000,$496.93
421,Laurent,Durkin,ldurkinbo@ucsd.edu,Genderfluid,1666962692000,$469.80
422,Moreen,Marciskewski,mmarciskewskibp@dropbox.com,Female,1667030113000,$485.73
423,Hyman,Roskam,hroskambq@sogou.com,Male,1667260632000,$832.36
424,Mile,Gershom,mgershombr@gravatar.com,Male,1667185306000,$551.03
425,Lucien,Gosland,lgoslandbs@pen.io,Male,1667067694000,$700.93
426,Sara-ann,Frusher,sfrusherbt@jugem.jp,Female,1667108342000,$34.67
427,Hadlee,Aguirrezabala,haguirrezabalabu@mozilla.com,Male,1667050160000,$491.99
428,Annadiane,Phebee,aphebeebv@geocities.jp,Female,1667203138000,$386.22
429,Percival,Earengey,pearengeybw@shutterfly.com,Male,1666944786000,$562.33
430,Franklyn,Ker,fkerbx@behance.net,Male,1667214175000,$205.62
431,Bennie,Fante,bfanteby@g.co,Male,1667135639000,$927.69
432,Carling,Dreng,cdrengbz@washington.edu,Male,1667173037000,$922.97
433,Ichabod,Bavidge,ibavidgec0@over-blog.com,Male,1667193241000,$798.25
434,Bank,Le Grove,blegrovec1@irs.gov,Male,1667060066000,$603.08
435,Rochester,Ranner,rrannerc2@slate.com,Male,1667204533000,$639.32
436,Rozalin,Wroughton,rwroughtonc3@1688.com,Agender,1667054285000,$18.53
437,Bancroft,Peppard,bpeppardc4@alexa.com,Male,1667178914000,$408.87
438,Tessa,Champken,tchampkenc5@whitehouse.gov,Genderqueer,1667039930000,$41.03
439,Kay,Cholwell,kcholwellc6@ucsd.edu,Female,1667065306000,$777.90
440,Hersch,Lamplugh,hlamplughc7@si.edu,Male,1667133916000,$663.94
441,Orv,Chaize,ochaizec8@google.pl,Male,1667194601000,$9.73
442,Susanne,Woodfine,swoodfinec9@flickr.com,Female,1667171003000,$448.16
443,Mignon,Fountian,mfountianca@cbslocal.com,Female,1667094933000,$578.00
444,Dewey,Haycox,dhaycoxcb@over-blog.com,Male,1667199454000,$412.83
445,Raddie,Packman,rpackmancc@indiatimes.com,Agender,1667149584000,$972.49
446,Wilden,Orknay,worknaycd@wix.com,Male,1667162931000,$200.25
447,Olly,Dotterill,odotterillce@ucla.edu,Female,1667011872000,$786.56
448,Horatius,Vick,hvickcf@smh.com.au,Male,1666954606000,$209.37
449,Ulrikaumeko,Akram,uakramcg@amazonaws.com,Female,1666956544000,$348.24
450,Mady,Kimpton,mkimptonch@go.com,Female,1666969234000,$883.31
451,Neddy,Till,ntillci@stanford.edu,Male,1667098747000,$85.58
452,Leonardo,Hounson,lhounsoncj@gnu.org,Male,1667226462000,$955.03
453,Colet,Balint,cbalintck@tuttocitta.it,Male,1667178572000,$930.53
454,Beck,Vasenkov,bvasenkovcl@shinystat.com,Male,1667239557000,$343.53
455,Sybilla,Conner,sconnercm@comsenz.com,Female,1667208052000,$23.09
456,Sharon,Beamond,sbeamondcn@mapquest.com,Female,1667007605000,$528.58
457,Chickie,Slorance,csloranceco@statcounter.com,Male,1667033084000,$532.23
458,Sylvan,Kroll,skrollcp@wikispaces.com,Male,1666978992000,$802.21
459,Onfre,Nineham,oninehamcq@barnesandnoble.com,Male,1667146622000,$365.06
460,Ximenez,Seabrooke,xseabrookecr@ask.com,Male,1666935480000,$878.78
461,Holt,Kubiak,hkubiakcs@abc.net.au,Male,1667222581000,$975.24
462,Myrwyn,Paddingdon,mpaddingdonct@t-online.de,Male,1667157499000,$707.30
463,Uri,Dobkin,udobkincu@mail.ru,Polygender,1667003376000,$615.79
464,Amabelle,O'Kynsillaghe,aokynsillaghecv@newsvine.com,Female,1667241811000,$396.79
465,Thorsten,Digance,tdigancecw@marketwatch.com,Male,1666991958000,$445.34
466,Simone,Swatheridge,sswatheridgecx@slideshare.net,Male,1666999113000,$936.04
467,Chrissie,Cole,ccolecy@dagondesign.com,Male,1667007330000,$286.78
468,Scarface,Haslum,shaslumcz@mayoclinic.com,Male,1667219291000,$407.48
469,Kaylil,Medley,kmedleyd0@squidoo.com,Female,1667122349000,$237.05
470,Tommy,Murton,tmurtond1@harvard.edu,Female,1667234049000,$40.02
471,Kennith,Truswell,ktruswelld2@prlog.org,Male,1667006212000,$623.46
472,Joellyn,Philipsohn,jphilipsohnd3@instagram.com,Female,1667050206000,$230.21
473,Caritta,Biernacki,cbiernackid4@nymag.com,Female,1667142171000,$156.48
474,Garth,Shovel,gshoveld5@google.ru,Male,1667195265000,$859.02
475,Cathee,Boice,cboiced6@about.com,Female,1667145589000,$636.90
476,Foster,Mewitt,fmewittd7@alibaba.com,Male,1666989716000,$697.72
477,Ladonna,Laight,llaightd8@slashdot.org,Female,1666970060000,$196.79
478,Bernardo,Matzeitis,bmatzeitisd9@comsenz.com,Male,1667205633000,$887.85
479,Hadria,Siggens,hsiggensda@shareasale.com,Female,1666977376000,$801.77
480,Jo-ann,Whitlaw,jwhitlawdb@addthis.com,Female,1667120523000,$160.77
481,Patrica,Kerr,pkerrdc@usa.gov,Female,1666930307000,$494.06
482,Ally,Rodders,aroddersdd@gov.uk,Female,1666925026000,$585.29
483,Roxanne,Diamant,rdiamantde@cnn.com,Agender,1667046261000,$790.39
484,Nikkie,Walburn,nwalburndf@sciencedirect.com,Female,1666934434000,$82.77
485,Johnathon,McElroy,jmcelroydg@discuz.net,Male,1667055941000,$635.04
486,Aleksandr,Vasyukhin,avasyukhindh@deviantart.com,Male,1666993914000,$630.44
487,Emmy,Bricknell,ebricknelldi@blogger.com,Female,1667200130000,$905.65
488,Maximilian,Troni,mtronidj@state.tx.us,Male,1667106662000,$403.40
489,Elvin,MacDonnell,emacdonnelldk@vk.com,Male,1667016128000,$11.77
490,Meridel,Prendeguest,mprendeguestdl@hp.com,Female,1666933763000,$536.73
491,Mitchell,McInulty,mmcinultydm@bing.com,Male,1666973648000,$398.66
492,Milicent,Conigsby,mconigsbydn@dropbox.com,Female,1667123033000,$996.32
493,Cori,Domleo,cdomleodo@go.com,Male,1666960150000,$483.56
494,Stephanus,Robshaw,srobshawdp@thetimes.co.uk,Male,1667219844000,$302.70
495,Hulda,Sutton,hsuttondq@army.mil,Female,1667239876000,$983.60
496,Carl,Domonkos,cdomonkosdr@icio.us,Male,1667213006000,$545.03
497,Wayland,Brundall,wbrundallds@amazon.de,Male,1667206213000,$425.85
498,Leonanie,Osgood,losgooddt@tmall.com,Female,1666926415000,$471.44
499,Constancy,Hessenthaler,chessenthalerdu@squarespace.com,Agender,1667026497000,$497.41
500,Frasco,Kinnen,fkinnendv@slate.com,Male,1667230976000,$96.61
501,Tabbitha,Beatens,tbeatensdw@foxnews.com,Female,1667077196000,$392.43
502,Rhett,Blything,rblythingdx@behance.net,Male,1667082556000,$189.50
503,Eldredge,Topliss,etoplissdy@domainmarket.com,Polygender,1666936157000,$994.07
504,Corty,Dowdell,cdowdelldz@amazonaws.com,Male,1667239391000,$859.23
505,Raphaela,Whorf,rwhorfe0@kickstarter.com,Female,1667157409000,$223.40
506,Lind,Piggens,lpiggense1@china.com.cn,Female,1667194327000,$720.96
507,Bryant,Castangia,bcastangiae2@exblog.jp,Male,1667257666000,$134.86
508,Josselyn,Rosa,jrosae3@yale.edu,Female,1667246430000,$723.96
509,Dominique,Matfin,dmatfine4@dagondesign.com,Male,1666961418000,$116.64
510,Welsh,Petchell,wpetchelle5@usnews.com,Male,1667238513000,$937.16
511,Wes,Kullmann,wkullmanne6@soundcloud.com,Male,1667184128000,$358.26
512,Inga,Dorsey,idorseye7@tumblr.com,Female,1667197057000,$164.72
513,Carly,Bolles,cbollese8@surveymonkey.com,Male,1666961400000,$117.71
514,Barty,Bandt,bbandte9@joomla.org,Male,1667214676000,$200.23
515,Jackquelin,Pardi,jpardiea@hugedomains.com,Female,1667044878000,$605.71
516,Timi,Annice,tanniceeb@arizona.edu,Non-binary,1667220138000,$511.39
517,August,Baselli,abaselliec@biblegateway.com,Male,1667225341000,$132.31
518,Emile,Hovard,ehovarded@samsung.com,Male,1666998231000,$896.72
519,Janith,Cullagh,jcullaghee@unblog.fr,Female,1667093441000,$305.23
520,Neale,Shakesbye,nshakesbyeef@360.cn,Male,1667237725000,$669.80
521,Pattie,Caskey,pcaskeyeg@tmall.com,Male,1667011454000,$905.94
522,Jeremiah,Lambourne,jlambourneeh@archive.org,Male,1667027089000,$26.19
523,Jobie,Altree,jaltreeei@harvard.edu,Female,1667220072000,$636.48
524,Carola,Stockton,cstocktonej@toplist.cz,Female,1666960454000,$416.30
525,Michael,Salvati,msalvatiek@google.com.br,Male,1667141030000,$446.67
526,Rhys,Brimmacombe,rbrimmacombeel@dailymotion.com,Male,1667070192000,$7.85
527,Witty,Winston,wwinstonem@live.com,Male,1667032923000,$820.32
528,Burty,Galle,bgalleen@jiathis.com,Male,1667054484000,$519.79
529,Germayne,MacSporran,gmacsporraneo@sbwire.com,Male,1667243593000,$945.82
530,Elvera,Pafford,epaffordep@example.com,Female,1667099480000,$732.11
531,Horacio,Romand,hromandeq@va.gov,Male,1667126413000,$933.00
532,Boonie,Clemitt,bclemitter@blogger.com,Male,1667192142000,$577.19
533,Emmaline,Suckling,esucklinges@lycos.com,Female,1667158756000,$128.53
534,Cymbre,Yurin,cyurinet@opera.com,Female,1667179403000,$580.82
535,Emalia,McMeeking,emcmeekingeu@phpbb.com,Female,1667217570000,$37.08
536,Lavena,Livock,llivockev@berkeley.edu,Female,1667202324000,$249.60
537,Klemens,Macari,kmacariew@nih.gov,Non-binary,1667137333000,$168.83
538,Richmound,Assaf,rassafex@sciencedirect.com,Male,1667165189000,$434.60
539,Fabe,Gleaves,fgleavesey@weebly.com,Male,1667188833000,$280.66
540,Adrea,Torfin,atorfinez@oaic.gov.au,Female,1667063967000,$407.99
541,Percival,Petyanin,ppetyaninf0@smugmug.com,Male,1667013970000,$837.62
542,Haskel,Bottrill,hbottrillf1@elegantthemes.com,Male,1667096467000,$490.25
543,Darren,Godbert,dgodbertf2@tinypic.com,Male,1667061342000,$175.61
544,Joana,Hanbridge,jhanbridgef3@wix.com,Female,1667030713000,$507.65
545,Modesta,Cantle,mcantlef4@virginia.edu,Female,1667055309000,$2.99
546,Jo-anne,Castiglioni,jcastiglionif5@sbwire.com,Female,1667058581000,$490.55
547,Herta,Grimsdyke,hgrimsdykef6@tmall.com,Female,1666947317000,$983.44
548,Carrissa,Karmel,ckarmelf7@merriam-webster.com,Female,1667046935000,$378.02
549,Hannah,Beynon,hbeynonf8@ocn.ne.jp,Female,1667198301000,$847.56
550,Perkin,Cardus,pcardusf9@geocities.com,Male,1667127179000,$507.90
551,Uri,Noor,unoorfa@sfgate.com,Genderfluid,1666925841000,$564.46
552,Hillary,Wike,hwikefb@dion.ne.jp,Female,1667156705000,$637.51
553,Reade,Rysdale,rrysdalefc@booking.com,Male,1667230521000,$68.51
554,Mohandas,Stutter,mstutterfd@uol.com.br,Male,1667140424000,$891.57
555,Gan,Slevin,gslevinfe@spotify.com,Male,1667065833000,$80.80
556,Horace,Molnar,hmolnarff@google.com,Male,1667137908000,$484.25
557,Kirk,Grevel,kgrevelfg@ted.com,Male,1667026436000,$787.16
558,Mabel,Scripps,mscrippsfh@t-online.de,Female,1666996694000,$147.55
559,Winslow,Strelitzer,wstrelitzerfi@fema.gov,Male,1667112870000,$7.31
560,Rosella,Spinozzi,rspinozzifj@barnesandnoble.com,Female,1667204460000,$114.70
561,Munmro,Farron,mfarronfk@i2i.jp,Male,1667254464000,$307.75
562,Gwendolyn,Nunn,gnunnfl@csmonitor.com,Female,1667013449000,$677.10
563,Gavrielle,Woofinden,gwoofindenfm@google.es,Female,1667030168000,$759.21
564,Dalia,Pepye,dpepyefn@nifty.com,Female,1666929333000,$197.92
565,Ula,McGougan,umcgouganfo@yandex.ru,Female,1667135719000,$914.46
566,Elmo,Penas,epenasfp@mapy.cz,Male,1667180767000,$891.97
567,Jeddy,Daber,jdaberfq@cmu.edu,Male,1667096582000,$651.40
568,Kimberlyn,Willey,kwilleyfr@example.com,Female,1667121928000,$481.78
569,Terrijo,Pitrollo,tpitrollofs@theatlantic.com,Bigender,1667070145000,$401.08
570,Conny,McAusland,cmcauslandft@smh.com.au,Female,1667066504000,$744.84
571,Eulalie,Titford,etitfordfu@bizjournals.com,Female,1667108397000,$898.90
572,Avie,Balk,abalkfv@stanford.edu,Female,1667199229000,$575.78
573,Lucas,Budden,lbuddenfw@eventbrite.com,Polygender,1667002110000,$864.05
574,Marty,O'Cahill,mocahillfx@slashdot.org,Male,1667102020000,$162.15
575,Mariquilla,McClintock,mmcclintockfy@usnews.com,Female,1667150845000,$728.10
576,Timoteo,Pedri,tpedrifz@earthlink.net,Male,1667199385000,$75.30
577,Tomasina,Petyanin,tpetyaning0@trellian.com,Female,1666993452000,$256.91
578,Worden,Knapton,wknaptong1@deviantart.com,Male,1666940053000,$709.10
579,Tiffie,Heddon,theddong2@wunderground.com,Female,1667037764000,$776.80
580,Malissia,Riddell,mriddellg3@dot.gov,Female,1667109939000,$136.69
581,Lurline,Gunstone,lgunstoneg4@acquirethisname.com,Genderfluid,1667215393000,$376.50
582,Elspeth,Phipard-Shears,ephipardshearsg5@constantcontact.com,Genderfluid,1667058701000,$118.86
583,Constantin,Oxterby,coxterbyg6@google.com,Male,1667233309000,$498.52
584,Weston,Riping,wripingg7@ameblo.jp,Male,1666942576000,$971.58
585,Krystle,Ferreira,kferreirag8@squarespace.com,Female,1667001551000,$21.80
586,Northrop,Mendel,nmendelg9@nasa.gov,Male,1666969504000,$323.25
587,Drusy,Emblin,demblinga@technorati.com,Female,1667048744000,$594.93
588,Rourke,Rackham,rrackhamgb@w3.org,Male,1666946622000,$575.30
589,Ara,Cosgry,acosgrygc@wikimedia.org,Female,1666968480000,$758.34
590,Barde,Bosward,bboswardgd@wikipedia.org,Male,1667164997000,$859.87
591,Angelle,Debling,adeblingge@washingtonpost.com,Female,1667159106000,$18.65
592,Franciskus,Andrick,fandrickgf@ustream.tv,Male,1667117103000,$78.19
593,Francois,Kornes,fkornesgg@phpbb.com,Male,1667094791000,$869.30
594,Frannie,Milson,fmilsongh@theguardian.com,Agender,1666989343000,$491.53
595,Maisie,Axon,maxongi@rediff.com,Female,1667196324000,$988.31
596,Eachelle,Auden,eaudengj@sphinn.com,Female,1667048779000,$947.11
597,Bank,Dami,bdamigk@dyndns.org,Agender,1666961820000,$305.53
598,Fredric,Hugnin,fhugningl@vistaprint.com,Male,1666958782000,$984.61
599,Darius,Noulton,dnoultongm@so-net.ne.jp,Male,1667089810000,$775.39
600,Christyna,Dickens,cdickensgn@illinois.edu,Genderfluid,1667074102000,$339.30
601,Paulie,Zapater,pzapatergo@who.int,Female,1667183133000,$910.15
602,Tonnie,Zoppo,tzoppogp@about.com,Male,1667107142000,$990.63
603,Anthe,Cornew,acornewgq@stumbleupon.com,Female,1667046134000,$832.90
604,Pembroke,Birdsall,pbirdsallgr@mapy.cz,Male,1667090937000,$423.55
605,Freeland,Mussetti,fmussettigs@mysql.com,Male,1666998461000,$32.01
606,Sholom,Dann,sdanngt@godaddy.com,Male,1667006466000,$702.21
607,Scott,MacGillespie,smacgillespiegu@usa.gov,Male,1667079729000,$148.60
608,Mannie,Dilnot,mdilnotgv@gnu.org,Male,1666979351000,$603.54
609,Jimmy,Ramplee,jrampleegw@mapy.cz,Male,1667238842000,$985.89
610,Mia,Blasius,mblasiusgx@linkedin.com,Agender,1666929234000,$278.03
611,Nanete,Quarlis,nquarlisgy@alibaba.com,Female,1667051824000,$269.37
612,Corie,Mateev,cmateevgz@comcast.net,Female,1667067842000,$804.29
613,Thibaud,Macoun,tmacounh0@ucla.edu,Male,1667005575000,$314.45
614,Gare,Huncoot,ghuncooth1@yahoo.co.jp,Male,1667005332000,$360.55
615,Benjamin,Kas,bkash2@barnesandnoble.com,Agender,1667158986000,$198.73
616,Jonis,Sazio,jsazioh3@netscape.com,Female,1667249993000,$765.11
617,Felicle,Thurstance,fthurstanceh4@about.me,Female,1667186727000,$66.74
618,Welsh,Pearsey,wpearseyh5@bravesites.com,Male,1667241200000,$865.96
619,Kathy,Pietasch,kpietaschh6@census.gov,Female,1666959611000,$70.75
620,Neville,Hillaby,nhillabyh7@twitpic.com,Male,1667032466000,$239.33
621,Edmund,O' Faherty,eofahertyh8@icq.com,Male,1667110404000,$126.48
622,Susan,McCurrie,smccurrieh9@ycombinator.com,Female,1667213223000,$692.51
623,Dillie,Kibbye,dkibbyeha@mlb.com,Male,1666985594000,$679.69
624,Misha,Devanny,mdevannyhb@blog.com,Female,1666920181000,$572.11
625,Roddie,Crosland,rcroslandhc@eventbrite.com,Male,1667155949000,$302.72
626,Sephira,Kyncl,skynclhd@census.gov,Female,1666942283000,$197.51
627,Gwen,Ryland,grylandhe@nyu.edu,Female,1667051378000,$287.62
628,Martica,Walisiak,mwalisiakhf@theatlantic.com,Female,1667190224000,$313.55
629,Jory,Kenny,jkennyhg@bing.com,Male,1667223066000,$53.06
630,Fey,Rudeforth,frudeforthhh@barnesandnoble.com,Polygender,1666945234000,$13.69
631,Judah,Coombs,jcoombshi@google.com.br,Male,1667065937000,$105.26
632,Xylia,Vreiberg,xvreiberghj@cafepress.com,Female,1666917796000,$457.16
633,Nikolas,Herity,nherityhk@privacy.gov.au,Male,1667053544000,$703.07
634,Klemens,McNelly,kmcnellyhl@tiny.cc,Non-binary,1667168336000,$967.60
635,Ruy,Thewlis,rthewlishm@cnet.com,Male,1667148704000,$33.26
636,Bald,Alyutin,balyutinhn@sfgate.com,Male,1667228978000,$699.35
637,Rani,McPhillimey,rmcphillimeyho@rediff.com,Female,1667128307000,$966.59
638,Ethyl,Pursglove,epursglovehp@macromedia.com,Genderqueer,1666993574000,$338.12
639,Terencio,Ruddy,truddyhq@uiuc.edu,Male,1667061159000,$680.25
640,Libbie,Crigin,lcriginhr@earthlink.net,Female,1666946168000,$380.88
641,Odilia,Lillywhite,olillywhitehs@blog.com,Female,1667194657000,$546.71
642,Sanders,Kelby,skelbyht@buzzfeed.com,Genderfluid,1667109783000,$214.36
643,Goldi,Epelett,gepeletthu@jigsy.com,Female,1667180922000,$67.02
644,Marni,Goldsberry,mgoldsberryhv@merriam-webster.com,Female,1666985823000,$388.02
645,Anatol,Stains,astainshw@cnet.com,Male,1667235178000,$189.01
646,Erick,Oldfield,eoldfieldhx@histats.com,Male,1667176622000,$779.52
647,Claude,Coltart,ccoltarthy@engadget.com,Polygender,1667163804000,$420.22
648,Regan,Whiteley,rwhiteleyhz@elpais.com,Non-binary,1666928320000,$510.24
649,Hubert,McCluskey,hmccluskeyi0@sbwire.com,Male,1666949924000,$558.54
650,Dunc,Wolfer,dwolferi1@dell.com,Male,1667169273000,$377.59
651,Laughton,Stichall,lstichalli2@stanford.edu,Male,1667089423000,$792.29
652,Avictor,Shuttle,ashuttlei3@google.it,Male,1667134736000,$602.67
653,Jorrie,Brunt,jbrunti4@google.de,Female,1666937264000,$462.19
654,Merill,Feldmesser,mfeldmesseri5@arstechnica.com,Male,1666916194000,$248.06
655,Jessica,Maffulli,jmaffullii6@state.tx.us,Non-binary,1667078424000,$457.70
656,Jaime,Renard,jrenardi7@yahoo.co.jp,Female,1667085468000,$724.46
657,Ruprecht,Revance,rrevancei8@theguardian.com,Non-binary,1667139335000,$952.19
658,Kathrine,Ough,koughi9@apple.com,Female,1667043556000,$731.98
659,Adamo,Mouan,amouania@weebly.com,Male,1667082995000,$663.67
660,Dorri,Duddell,dduddellib@yale.edu,Agender,1666971139000,$390.59
661,Theressa,Derry,tderryic@china.com.cn,Female,1666960216000,$756.88
662,Simon,Morrall,smorrallid@tamu.edu,Male,1667251896000,$695.04
663,Delcine,Benedicto,dbenedictoie@va.gov,Female,1667039560000,$939.07
664,Brennen,Whittuck,bwhittuckif@mapquest.com,Male,1667144913000,$307.13
665,Leena,Menichino,lmenichinoig@blogspot.com,Female,1666982344000,$984.71
666,Victoir,Smaile,vsmaileih@yahoo.co.jp,Genderfluid,1667020450000,$642.12
667,Viviene,Barenskie,vbarenskieii@stumbleupon.com,Female,1667218944000,$376.53
668,Juan,Isaacson,jisaacsonij@youku.com,Male,1667154950000,$431.45
669,Bren,Rooms,broomsik@guardian.co.uk,Male,1667063593000,$159.37
670,Bax,Baggiani,bbaggianiil@ucoz.com,Male,1667253104000,$740.45
671,Tanner,Pelchat,tpelchatim@timesonline.co.uk,Male,1667039283000,$867.67
672,Moses,Nutbean,mnutbeanin@live.com,Non-binary,1667100149000,$260.17
673,Alexander,Joan,ajoanio@homestead.com,Male,1667172222000,$467.28
674,Werner,Barbrick,wbarbrickip@netlog.com,Male,1667212551000,$420.38
675,Rozina,Linster,rlinsteriq@deliciousdays.com,Genderfluid,1667219327000,$482.09
676,Killie,Aldcorn,kaldcornir@twitpic.com,Male,1667012895000,$866.95
677,Ervin,Wesley,ewesleyis@chron.com,Male,1667221774000,$898.80
678,Zilvia,Ashpole,zashpoleit@ask.com,Female,1667166988000,$458.66
679,Darya,Sarson,dsarsoniu@behance.net,Female,1667013674000,$789.14
680,Byran,Abry,babryiv@hc360.com,Male,1667183516000,$928.25
681,Barnard,Terrington,bterringtoniw@eventbrite.com,Male,1667141608000,$833.26
682,Bevin,Mahon,bmahonix@craigslist.org,Male,1667018516000,$841.94
683,Torry,Freke,tfrekeiy@blogtalkradio.com,Male,1667123245000,$265.69
684,Cinda,Mecchi,cmecchiiz@comcast.net,Female,1666938572000,$706.13
685,Danny,Thornewill,dthornewillj0@gmpg.org,Male,1667249721000,$427.58
686,Almeria,De Carteret,adecarteretj1@hud.gov,Female,1667010809000,$297.11
687,Ardith,Scase,ascasej2@ebay.com,Female,1667005723000,$152.29
688,Carrissa,Sirrell,csirrellj3@bluehost.com,Female,1667151964000,$312.76
689,Blair,McCotter,bmccotterj4@bing.com,Female,1667071755000,$823.14
690,Mervin,Bray,mbrayj5@wp.com,Male,1667032127000,$983.45
691,Thacher,Stenton,tstentonj6@example.com,Agender,1666920424000,$125.10
692,Derek,Wreiford,dwreifordj7@google.co.uk,Male,1667181599000,$220.82
693,Meggi,Amer,mamerj8@google.it,Female,1667076338000,$545.97
694,Grady,Albon,galbonj9@omniture.com,Male,1667072913000,$158.02
695,Brnaby,Dancer,bdancerja@joomla.org,Male,1667120318000,$304.73
696,Jonell,D'Ruel,jdrueljb@home.pl,Female,1666931452000,$190.16
697,Dosi,Tybalt,dtybaltjc@altervista.org,Female,1667069108000,$784.61
698,Mike,Ibbitson,mibbitsonjd@istockphoto.com,Male,1667192385000,$146.68
699,Peta,Brookz,pbrookzje@gizmodo.com,Female,1667085942000,$628.20
700,Hamilton,Struan,hstruanjf@constantcontact.com,Male,1667139341000,$759.68
701,Jessamyn,Templeman,jtemplemanjg@cisco.com,Polygender,1667079378000,$597.11
702,Enrico,Caldayrou,ecaldayroujh@themeforest.net,Male,1667079301000,$920.49
703,Levin,Dannett,ldannettji@vinaora.com,Bigender,1667196129000,$237.20
704,Kelby,Mallett,kmallettjj@uiuc.edu,Male,1667005165000,$313.73
705,Maxi,Napthine,mnapthinejk@dailymail.co.uk,Female,1667065140000,$707.22
706,Quinlan,Seals,qsealsjl@vimeo.com,Male,1667114166000,$803.48
707,Sauncho,Dacca,sdaccajm@skype.com,Male,1666994110000,$51.98
708,Marion,Battill,mbattilljn@tamu.edu,Male,1666963498000,$920.15
709,Tish,Gerb,tgerbjo@unicef.org,Female,1667178367000,$454.95
710,Darda,Essberger,dessbergerjp@domainmarket.com,Non-binary,1666976045000,$200.32
711,Briggs,Dixon,bdixonjq@google.nl,Male,1667075889000,$378.54
712,Benedikt,Crichmer,bcrichmerjr@japanpost.jp,Male,1666943977000,$669.88
713,Opaline,Tefft,otefftjs@hp.com,Female,1667192448000,$857.41
714,Rory,Snozzwell,rsnozzwelljt@wisc.edu,Genderfluid,1667221527000,$85.07
715,Vivianna,Nevin,vnevinju@drupal.org,Genderqueer,1666948722000,$898.31
716,Andras,Paula,apaulajv@elpais.com,Male,1667157277000,$107.41
717,Patrick,Blesdill,pblesdilljw@chicagotribune.com,Male,1666922785000,$203.63
718,Dom,Merrington,dmerringtonjx@ft.com,Male,1667202968000,$913.82
719,Maximo,Rushforth,mrushforthjy@virginia.edu,Male,1667044451000,$455.52
720,Lynn,Gimeno,lgimenojz@seattletimes.com,Female,1667079866000,$310.68
721,Vidovic,Stokes,vstokesk0@paypal.com,Male,1667063385000,$604.72
722,Myrtia,Peasegod,mpeasegodk1@phpbb.com,Genderfluid,1666976822000,$933.14
723,Giusto,Grzegorecki,ggrzegoreckik2@ebay.co.uk,Male,1666962996000,$879.94
724,Cobbie,Eykelbosch,ceykelboschk3@timesonline.co.uk,Non-binary,1667099512000,$459.85
725,Noby,Fulham,nfulhamk4@acquirethisname.com,Male,1667204509000,$866.00
726,Porty,Puttock,pputtockk5@amazon.de,Male,1667178973000,$396.32
727,Lynne,McGivena,lmcgivenak6@blogspot.com,Female,1666937985000,$459.37
728,Dall,Tortoishell,dtortoishellk7@google.cn,Male,1666990363000,$449.64
729,Elsworth,Baudins,ebaudinsk8@sbwire.com,Male,1667094593000,$719.20
730,Osmund,Woollends,owoollendsk9@ifeng.com,Male,1667205255000,$95.16
731,Cordie,Suttling,csuttlingka@gnu.org,Male,1666982904000,$114.78
732,Nedi,Nanetti,nnanettikb@boston.com,Female,1667173310000,$682.47
733,Dudley,Brandoni,dbrandonikc@rediff.com,Male,1666959423000,$147.22
734,Rafi,Hateley,rhateleykd@nyu.edu,Male,1667255112000,$347.94
735,Dore,Oldridge,doldridgeke@tamu.edu,Female,1667114976000,$23.24
736,Cornell,Upfold,cupfoldkf@vinaora.com,Male,1666947423000,$285.94
737,Christin,Doorey,cdooreykg@toplist.cz,Female,1667144761000,$705.73
738,Onofredo,Yantsev,oyantsevkh@reference.com,Male,1667079684000,$37.05
739,Maury,Keyworth,mkeyworthki@loc.gov,Male,1666931715000,$465.41
740,Grover,Gambie,ggambiekj@ask.com,Male,1667210962000,$236.82
741,Gino,Alldread,galldreadkk@simplemachines.org,Genderqueer,1666994786000,$890.76
742,Moshe,Wesgate,mwesgatekl@discuz.net,Male,1667239846000,$646.21
743,Curtis,McKimmey,cmckimmeykm@wikipedia.org,Male,1667093769000,$19.79
744,Ignacio,Overy,ioverykn@alibaba.com,Male,1667034855000,$532.44
745,Brig,Maharey,bmahareyko@uol.com.br,Agender,1667090304000,$580.99
746,Betteann,Stanners,bstannerskp@samsung.com,Female,1666928265000,$584.78
747,Lizzie,Blewitt,lblewittkq@issuu.com,Female,1667054396000,$413.62
748,Kelly,Gladding,kgladdingkr@naver.com,Male,1667110163000,$901.35
749,Melisse,Duckhouse,mduckhouseks@woothemes.com,Female,1667039566000,$361.19
750,Pammi,Mac,pmackt@umich.edu,Female,1667187276000,$424.21
751,Arel,Perett,aperettku@sciencedirect.com,Male,1667057341000,$606.98
752,Kary,Haugen,khaugenkv@nymag.com,Female,1667030496000,$996.26
753,Mona,Scrowston,mscrowstonkw@berkeley.edu,Female,1667173754000,$852.60
754,Yance,Siddle,ysiddlekx@yellowpages.com,Male,1667033199000,$84.08
755,Devland,Cottem,dcottemky@usatoday.com,Male,1667062472000,$677.86
756,Susie,Cerie,sceriekz@plala.or.jp,Female,1667256569000,$378.55
757,Darnell,Bumford,dbumfordl0@si.edu,Male,1667210229000,$31.66
758,Fulton,Stibbs,fstibbsl1@studiopress.com,Male,1667029318000,$181.96
759,Ruthy,Carlett,rcarlettl2@sakura.ne.jp,Genderfluid,1666916570000,$851.85
760,Michal,Lukasik,mlukasikl3@house.gov,Male,1667095107000,$155.91
761,Lil,Crocumbe,lcrocumbel4@cargocollective.com,Female,1666962306000,$0.22
762,Matthias,Shemmin,mshemminl5@hao123.com,Male,1667141175000,$83.82
763,Mildrid,Ibarra,mibarral6@who.int,Female,1667195771000,$661.18
764,Mortimer,Mallaby,mmallabyl7@tiny.cc,Male,1667046871000,$267.54
765,Corliss,Willan,cwillanl8@joomla.org,Female,1667078591000,$830.86
766,Alfy,Beekman,abeekmanl9@blog.com,Male,1667087131000,$104.60
767,Giavani,Godfray,ggodfrayla@constantcontact.com,Male,1667102229000,$64.04
768,Ad,Burdytt,aburdyttlb@epa.gov,Male,1667056428000,$510.05
769,Elnora,Ozintsev,eozintsevlc@lycos.com,Female,1667189944000,$185.33
770,Tonye,Giacoppo,tgiacoppold@bbb.org,Female,1666954106000,$124.51
771,Twyla,Kryzhov,tkryzhovle@hostgator.com,Bigender,1667106892000,$799.16
772,Kile,Jahncke,kjahnckelf@zimbio.com,Bigender,1666929532000,$747.44
773,Correy,Kamienski,ckamienskilg@fotki.com,Female,1667175750000,$96.54
774,Clarisse,Common,ccommonlh@discovery.com,Female,1667193234000,$895.99
775,Essy,De Gregoli,edegregolili@ezinearticles.com,Female,1666947287000,$147.45
776,Gunther,Milazzo,gmilazzolj@utexas.edu,Male,1666983174000,$218.42
777,Blake,Ebben,bebbenlk@nytimes.com,Male,1666921588000,$944.56
778,Korney,Rendell,krendellll@ning.com,Female,1667161349000,$608.87
779,Robby,Doddrell,rdoddrelllm@topsy.com,Male,1666917401000,$20.99
780,Berny,Mattaser,bmattaserln@auda.org.au,Male,1667175353000,$745.58
781,Elena,Abelwhite,eabelwhitelo@umich.edu,Female,1667014963000,$43.85
782,Sullivan,Thurber,sthurberlp@census.gov,Male,1667170940000,$55.89
783,Boone,Marrill,bmarrilllq@imgur.com,Male,1666993806000,$49.06
784,Freda,Drakers,fdrakerslr@csmonitor.com,Female,1667163222000,$882.21
785,Clayson,Capun,ccapunls@ifeng.com,Male,1667197953000,$105.37
786,Reba,Labden,rlabdenlt@deliciousdays.com,Female,1667174498000,$527.53
787,Claudie,Blucher,cblucherlu@whitehouse.gov,Agender,1666963982000,$72.04
788,Vikky,Nockalls,vnockallslv@jalbum.net,Female,1667006294000,$69.87
789,Meir,Stanway,mstanwaylw@nature.com,Male,1667251886000,$154.89
790,Findley,Macvey,fmacveylx@nps.gov,Male,1666985100000,$715.00
791,Harmonie,Timmens,htimmensly@google.co.uk,Female,1667243663000,$951.40
792,Addy,Viel,aviellz@disqus.com,Male,1667120319000,$459.67
793,Bay,Simonian,bsimonianm0@miibeian.gov.cn,Male,1666971793000,$445.90
794,Gordan,Antonnikov,gantonnikovm1@patch.com,Male,1667094230000,$403.76
795,Rosy,Abbiss,rabbissm2@zdnet.com,Female,1667231632000,$936.19
796,Cletis,McAvaddy,cmcavaddym3@furl.net,Male,1667162328000,$730.27
797,Ly,De Matteis,ldematteism4@exblog.jp,Male,1667020837000,$281.37
798,Jacqueline,Eskrick,jeskrickm5@netvibes.com,Female,1667082825000,$27.30
799,Bren,Paulley,bpaulleym6@so-net.ne.jp,Female,1666986338000,$451.12
800,Cesya,Tarren,ctarrenm7@businesswire.com,Female,1667093999000,$309.16
801,Orsa,Bond,obondm8@hatena.ne.jp,Polygender,1666979134000,$689.80
802,Jodee,Guerrin,jguerrinm9@parallels.com,Female,1667120716000,$241.59
803,Nigel,Clemencon,nclemenconma@businesswire.com,Male,1667133413000,$444.90
804,Gennifer,Hearthfield,ghearthfieldmb@list-manage.com,Female,1667085598000,$706.99
805,Ugo,Gritland,ugritlandmc@ehow.com,Male,1667260000000,$319.57
806,Emlyn,Woodhouse,ewoodhousemd@salon.com,Male,1666966347000,$950.99
807,Quent,Eby,qebyme@apache.org,Male,1666924896000,$964.23
808,Mattie,Mates,mmatesmf@dailymail.co.uk,Genderqueer,1666933421000,$201.77
809,Karmen,Rown,krownmg@sphinn.com,Female,1667030392000,$620.36
810,Shae,Feckey,sfeckeymh@cnn.com,Female,1667051835000,$43.72
811,Lynnet,Haydon,lhaydonmi@jigsy.com,Female,1667172621000,$951.86
812,Alwin,Tombleson,atomblesonmj@salon.com,Male,1667033977000,$753.97
813,Bettye,Cleworth,bcleworthmk@lulu.com,Female,1667144800000,$717.26
814,Cherida,Collman,ccollmanml@flavors.me,Female,1667128268000,$494.18
815,Sean,Harmour,sharmourmm@umich.edu,Male,1667122875000,$876.46
816,Loralyn,Jecock,ljecockmn@naver.com,Female,1667099395000,$840.71
817,Gardiner,Pledger,gpledgermo@umich.edu,Male,1666984510000,$62.63
818,Sharyl,Faustin,sfaustinmp@sohu.com,Agender,1667129267000,$839.97
819,Amby,Gianulli,agianullimq@reddit.com,Male,1667110445000,$757.35
820,Corinne,Freezer,cfreezermr@unc.edu,Female,1667153296000,$386.89
821,Beatriz,Cesconi,bcesconims@hud.gov,Female,1667225735000,$267.64
822,Ches,Lilburne,clilburnemt@thetimes.co.uk,Male,1667147165000,$925.41
823,Faina,Dibner,fdibnermu@blinklist.com,Female,1667166169000,$99.60
824,Mackenzie,Mackstead,mmacksteadmv@oakley.com,Male,1667207431000,$300.58
825,Burch,Patriskson,bpatrisksonmw@biblegateway.com,Male,1667043006000,$198.44
826,Anderson,Lightning,alightningmx@ifeng.com,Male,1666999468000,$434.91
827,Wynny,Davitashvili,wdavitashvilimy@smugmug.com,Female,1667204425000,$640.40
828,Andris,Wateridge,awateridgemz@zdnet.com,Male,1666918862000,$145.46
829,Bron,Dickerson,bdickersonn0@icq.com,Male,1666936358000,$275.16
830,Ariel,Chaize,achaizen1@photobucket.com,Female,1667124257000,$141.35
831,Starlene,Andreix,sandreixn2@psu.edu,Female,1667001727000,$61.28
832,Aguie,Fossord,afossordn3@pbs.org,Male,1666994282000,$240.18
833,Sanders,Wimpenny,swimpennyn4@macromedia.com,Male,1667047528000,$678.16
834,Normie,Manning,nmanningn5@wufoo.com,Male,1667198480000,$668.43
835,Ophelie,Lendon,olendonn6@deliciousdays.com,Female,1667112330000,$587.33
836,Robinson,Prettjohn,rprettjohnn7@cafepress.com,Male,1667179053000,$296.66
837,Elyn,Joanaud,ejoanaudn8@pinterest.com,Female,1667107731000,$93.42
838,Remus,Wheildon,rwheildonn9@slate.com,Male,1667130727000,$540.74
839,Allegra,Bainton,abaintonna@github.io,Bigender,1667033441000,$117.76
840,Dinnie,Molden,dmoldennb@netvibes.com,Female,1667241909000,$39.05
841,Cy,Webb-Bowen,cwebbbowennc@apache.org,Male,1666959128000,$79.80
842,Leontine,McKibbin,lmckibbinnd@bbb.org,Female,1667196528000,$154.39
843,Nichol,Kaines,nkainesne@theglobeandmail.com,Agender,1667013889000,$204.30
844,Alasdair,Edmands,aedmandsnf@imageshack.us,Male,1667118051000,$70.36
845,Sheeree,Finessy,sfinessyng@usa.gov,Female,1666963909000,$1.73
846,Alfred,Clancey,aclanceynh@house.gov,Male,1667142362000,$544.50
847,Zachary,Viall,zviallni@opensource.org,Male,1666919209000,$195.44
848,Thom,Reedie,treedienj@ow.ly,Male,1667095949000,$687.02
849,Ange,Shurey,ashureynk@joomla.org,Male,1667227227000,$294.60
850,Alexandr,McGaughey,amcgaugheynl@printfriendly.com,Polygender,1666933203000,$665.43
851,Peggi,Heditch,pheditchnm@sbwire.com,Female,1667070778000,$18.89
852,Stella,Van't Hoff,svanthoffnn@nasa.gov,Female,1667028567000,$972.09
853,Walker,Treby,wtrebyno@tinyurl.com,Male,1667219086000,$372.19
854,Karon,Seville,ksevillenp@mac.com,Female,1667239822000,$768.45
855,Ali,Ayllett,aayllettnq@privacy.gov.au,Female,1666942440000,$553.19
856,Susannah,Ferry,sferrynr@nih.gov,Female,1667066847000,$780.68
857,Carleen,Stowte,cstowtens@gizmodo.com,Female,1667255327000,$83.95
858,Nolie,Odegaard,nodegaardnt@prweb.com,Female,1666917934000,$365.33
859,Nanice,Ruppelin,nruppelinnu@msn.com,Genderqueer,1667059206000,$894.01
860,Heidie,Rostron,hrostronnv@ehow.com,Bigender,1667144070000,$896.60
861,Jodi,Widd,jwiddnw@quantcast.com,Male,1667147747000,$20.73
862,Kissiah,Shalders,kshaldersnx@chronoengine.com,Female,1667033057000,$888.77
863,Fiann,Timbrell,ftimbrellny@amazon.com,Female,1667086203000,$560.08
864,Nessy,Tidman,ntidmannz@alibaba.com,Female,1666944637000,$730.74
865,Hashim,Harsnipe,hharsnipeo0@geocities.com,Male,1667162407000,$583.81
866,Laurens,Bleby,lblebyo1@redcross.org,Male,1667106622000,$584.55
867,Garek,Sammes,gsammeso2@theguardian.com,Male,1666956849000,$92.22
868,Levey,Mockler,lmocklero3@archive.org,Male,1666972217000,$520.09
869,Gordie,Gilroy,ggilroyo4@mtv.com,Male,1666984791000,$132.09
870,Olimpia,Blench,oblencho5@loc.gov,Female,1667128600000,$389.29
871,York,Jimmes,yjimmeso6@istockphoto.com,Male,1667123267000,$298.42
872,Bonny,Cockland,bcocklando7@wired.com,Female,1667015737000,$331.55
873,Haywood,Tiffin,htiffino8@mashable.com,Bigender,1667133746000,$898.43
874,Aldwin,Liveing,aliveingo9@youku.com,Polygender,1667103052000,$550.54
875,Gert,Lotherington,glotheringtonoa@deliciousdays.com,Female,1667218299000,$727.45
876,Skippie,Pamment,spammentob@edublogs.org,Male,1667087658000,$632.89
877,Annamarie,Dubbin,adubbinoc@thetimes.co.uk,Female,1666971577000,$979.37
878,Erny,Jinkins,ejinkinsod@thetimes.co.uk,Non-binary,1667164261000,$333.57
879,Maurizio,Brodeau,mbrodeauoe@bbb.org,Male,1667022598000,$869.79
880,Domingo,Baudinelli,dbaudinelliof@exblog.jp,Male,1667051907000,$566.63
881,Gus,Poland,gpolandog@sourceforge.net,Male,1666992375000,$28.53
882,Verne,Wilce,vwilceoh@google.de,Male,1667140490000,$764.25
883,Stillmann,Ulster,sulsteroi@reuters.com,Male,1667036151000,$100.17
884,Leah,Leet,lleetoj@sohu.com,Female,1667029559000,$323.38
885,Matthiew,Eichmann,meichmannok@over-blog.com,Genderfluid,1667070391000,$311.42
886,Cahra,Trigwell,ctrigwellol@cnet.com,Female,1667218166000,$593.62
887,Oberon,Duchenne,oduchenneom@columbia.edu,Male,1666967041000,$118.93
888,Elroy,Bottlestone,ebottlestoneon@webs.com,Male,1667102629000,$238.77
889,Lisha,Carass,lcarassoo@wunderground.com,Female,1666934110000,$988.51
890,Ian,Quin,iquinop@google.fr,Male,1667253698000,$535.34
891,Stewart,Brumhead,sbrumheadoq@slashdot.org,Male,1666966078000,$924.06
892,Aube,Emerton,aemertonor@live.com,Male,1667171070000,$158.82
893,Desirae,Gravett,dgravettos@samsung.com,Female,1667061711000,$554.41
894,Tine,McGucken,tmcguckenot@latimes.com,Female,1667156528000,$498.73
895,Chastity,Dutnell,cdutnellou@wufoo.com,Female,1667231373000,$717.30
896,Taddeo,Cowlishaw,tcowlishawov@dot.gov,Male,1666987725000,$259.48
897,Ellyn,Lockhart,elockhartow@cbc.ca,Female,1667130854000,$937.59
898,Marijn,Furmston,mfurmstonox@acquirethisname.com,Male,1667056945000,$257.95
899,Tibold,Paoli,tpaolioy@paginegialle.it,Male,1667034808000,$582.95
900,Jordan,Hambrook,jhambrookoz@java.com,Genderfluid,1667105165000,$628.30
901,Bary,Riseam,briseamp0@google.pl,Male,1667170143000,$304.45
902,Tammie,Accum,taccump1@about.com,Male,1667119490000,$287.76
903,Mikkel,Lankford,mlankfordp2@symantec.com,Male,1666929447000,$566.47
904,Antoinette,Raitie,araitiep3@google.es,Female,1666975902000,$805.55
905,Jayme,Kaines,jkainesp4@last.fm,Female,1667165652000,$601.24
906,Willy,Brydell,wbrydellp5@sohu.com,Genderfluid,1666967233000,$860.95
907,Shana,Fossey,sfosseyp6@springer.com,Female,1667124377000,$548.46
908,Fredric,Sorbey,fsorbeyp7@wikipedia.org,Male,1667260564000,$81.95
909,Pier,Silson,psilsonp8@php.net,Female,1667083720000,$881.26
910,Vyky,Gumery,vgumeryp9@webeden.co.uk,Female,1667174265000,$473.29
911,Shaughn,Andreutti,sandreuttipa@businessinsider.com,Male,1667088989000,$440.30
912,Tracey,MacCrossan,tmaccrossanpb@stumbleupon.com,Male,1667090400000,$784.95
913,Madella,Moyes,mmoyespc@businessinsider.com,Female,1667028581000,$541.50
914,Krissy,Crackett,kcrackettpd@boston.com,Female,1667076603000,$804.07
915,Ruthi,Kann,rkannpe@technorati.com,Female,1667158548000,$657.59
916,Faustina,Chastand,fchastandpf@salon.com,Female,1667052811000,$266.53
917,Alfreda,Tourner,atournerpg@privacy.gov.au,Genderqueer,1666973506000,$87.22
918,Gui,McTeer,gmcteerph@xinhuanet.com,Female,1667192040000,$229.38
919,Mohandis,Mann,mmannpi@miitbeian.gov.cn,Male,1667056226000,$149.39
920,Waly,Corkan,wcorkanpj@i2i.jp,Female,1667198971000,$186.87
921,Parnell,Ouver,pouverpk@posterous.com,Male,1666929987000,$973.41
922,Matt,Richmont,mrichmontpl@prnewswire.com,Male,1667118661000,$794.52
923,Mariya,Grzegorzewicz,mgrzegorzewiczpm@vk.com,Female,1666953884000,$173.35
924,Vonny,Pawels,vpawelspn@statcounter.com,Female,1667103479000,$889.32
925,Kathy,Emeney,kemeneypo@mysql.com,Female,1667026954000,$550.85
926,Deane,Itzkovich,ditzkovichpp@phoca.cz,Genderfluid,1667151884000,$707.31
927,Christina,Roze,crozepq@surveymonkey.com,Female,1667043496000,$866.16
928,Sandye,Meakes,smeakespr@webeden.co.uk,Female,1667164390000,$99.89
929,Fallon,Metcalf,fmetcalfps@nsw.gov.au,Female,1666992925000,$67.60
930,Chet,Tune,ctunept@cnn.com,Male,1666946079000,$390.84
931,Hurley,McAlinion,hmcalinionpu@illinois.edu,Male,1666982714000,$719.70
932,Caresse,Barbera,cbarberapv@aboutads.info,Female,1667162845000,$686.25
933,Bidget,Surman,bsurmanpw@netlog.com,Female,1667143392000,$109.16
934,Daphna,Eckery,deckerypx@cdbaby.com,Female,1667162328000,$1.44
935,Hildagard,Hunter,hhunterpy@wordpress.org,Female,1667074184000,$404.63
936,Lita,Mozzetti,lmozzettipz@issuu.com,Female,1667033243000,$320.27
937,Wyndham,Theodore,wtheodoreq0@123-reg.co.uk,Male,1667219188000,$257.53
938,Brittani,Layland,blaylandq1@digg.com,Female,1667045045000,$721.96
939,Wilbert,Colten,wcoltenq2@newyorker.com,Male,1667100765000,$261.65
940,Winslow,Goosnell,wgoosnellq3@tripod.com,Male,1667097165000,$197.73
941,Andros,Demaid,ademaidq4@bizjournals.com,Male,1667110435000,$36.21
942,Lynna,Neagle,lneagleq5@fc2.com,Female,1667244233000,$275.39
943,Byrle,Murphey,bmurpheyq6@cdc.gov,Bigender,1667249436000,$119.94
944,Barde,Fenck,bfenckq7@gravatar.com,Male,1666980403000,$711.58
945,Micaela,Deeprose,mdeeproseq8@4shared.com,Female,1666931619000,$14.19
946,Bryce,Serle,bserleq9@csmonitor.com,Male,1666932941000,$479.77
947,Arty,Soares,asoaresqa@illinois.edu,Male,1667248477000,$417.72
948,Umeko,Scouler,uscoulerqb@google.nl,Female,1667201139000,$656.83
949,Alfy,Sandon,asandonqc@google.ru,Male,1667252695000,$480.26
950,Hunter,Kermott,hkermottqd@tuttocitta.it,Male,1667083320000,$513.45
951,Clem,Tonbye,ctonbyeqe@opera.com,Female,1667020472000,$383.66
952,Ciel,Kimmons,ckimmonsqf@marketwatch.com,Female,1667185691000,$282.39
953,Essie,Ciccotti,eciccottiqg@eventbrite.com,Bigender,1666925410000,$203.14
954,Leland,Gresswood,lgresswoodqh@google.ru,Female,1667030688000,$731.87
955,Hortense,Martins,hmartinsqi@pinterest.com,Female,1667050920000,$385.61
956,Germain,Marder,gmarderqj@sourceforge.net,Genderfluid,1667151098000,$961.86
957,Ysabel,Dunbobbin,ydunbobbinqk@parallels.com,Female,1667059581000,$628.05
958,Silvano,Yearnsley,syearnsleyql@epa.gov,Male,1667038052000,$619.60
959,Donavon,Stather,dstatherqm@ezinearticles.com,Male,1667104555000,$622.91
960,Nikos,Jephcote,njephcoteqn@time.com,Male,1667082315000,$813.00
961,Pepe,Milsap,pmilsapqo@businessweek.com,Male,1667175410000,$492.57
962,Darnall,Dole,ddoleqp@cmu.edu,Male,1667016484000,$810.65
963,Filip,Diviny,fdivinyqq@eepurl.com,Non-binary,1667064741000,$192.37
964,Ediva,Brammar,ebrammarqr@blinklist.com,Female,1667008652000,$286.59
965,Ian,Astling,iastlingqs@issuu.com,Male,1667257425000,$106.89
966,Olav,Raylton,orayltonqt@wikispaces.com,Male,1666932725000,$765.64
967,Kirsten,Bowmaker,kbowmakerqu@businessinsider.com,Female,1667187825000,$858.03
968,Alfredo,Smuth,asmuthqv@ebay.co.uk,Male,1667039231000,$801.70
969,Dennis,Shelford,dshelfordqw@github.com,Male,1667064811000,$959.69
970,Van,Breeze,vbreezeqx@apache.org,Male,1667220312000,$639.96
971,Diandra,Baskett,dbaskettqy@google.com.br,Female,1667015967000,$223.96
972,Aaron,Demschke,ademschkeqz@wired.com,Male,1667122192000,$440.53
973,Hildegaard,Coggins,hcogginsr0@tumblr.com,Genderqueer,1667205622000,$153.90
974,Jordan,Adamovitz,jadamovitzr1@digg.com,Female,1666942801000,$859.48
975,Gaylord,Wightman,gwightmanr2@hatena.ne.jp,Male,1667043851000,$480.51
976,Ellary,MacAirt,emacairtr3@google.de,Bigender,1667106773000,$138.53
977,Lee,Masham,lmashamr4@xrea.com,Non-binary,1667222136000,$9.81
978,Loella,Rea,lrear5@themeforest.net,Female,1667241938000,$499.93
979,Kerwinn,McCrone,kmccroner6@fc2.com,Male,1667122521000,$806.98
980,Amby,Wedon,awedonr7@networkadvertising.org,Male,1666921890000,$662.82
981,Worthington,McGonnell,wmcgonnellr8@google.com.hk,Male,1667085792000,$749.27
982,Dorthy,Easseby,deassebyr9@google.co.jp,Female,1667171652000,$307.54
983,Carmel,Milch,cmilchra@myspace.com,Bigender,1667120335000,$308.99
984,Falkner,Avann,favannrb@wsj.com,Male,1667020756000,$885.38
985,Flossy,Szapiro,fszapirorc@latimes.com,Female,1666946364000,$971.44
986,Barde,Cullnean,bcullneanrd@wikimedia.org,Male,1667177753000,$204.97
987,Lenna,Gage,lgagere@ucoz.ru,Female,1667122869000,$737.65
988,Clarissa,Silwood,csilwoodrf@wordpress.com,Female,1667249587000,$342.24
989,Lorain,Rowlin,lrowlinrg@narod.ru,Female,1667156716000,$532.84
990,Keriann,Fairfoul,kfairfoulrh@lycos.com,Female,1667070570000,$146.00
991,Damaris,Kubes,dkubesri@altervista.org,Female,1666929645000,$53.41
992,Kanya,Lynas,klynasrj@tumblr.com,Female,1667019252000,$834.81
993,Gerome,Fricke,gfrickerk@addtoany.com,Male,1667073934000,$103.20
994,Shawna,Nail,snailrl@vkontakte.ru,Female,1666977840000,$796.85
995,Rickie,Drawmer,rdrawmerrm@patch.com,Genderfluid,1666955102000,$881.43
996,Immanuel,Fedorchenko,ifedorchenkorn@apple.com,Male,1667232238000,$610.95
997,Algernon,Sivess,asivessro@livejournal.com,Male,1667105293000,$865.92
998,Umeko,Coot,ucootrp@illinois.edu,Female,1667104622000,$616.00
999,Eryn,Fines,efinesrq@seattletimes.com,Female,1667006056000,$650.40
1000,Harlen,Shillam,hshillamrr@delicious.com,Male,1666995903000,$430.03
